Código región,Región,Código provincia,Provincia,Codigo comuna,Comuna,País o continente de nacimiento,Inmigrantes internacionales
7,Maule,71.0,Talca,7101.0,Talca,Total nacidos fuera del país,15844
7,Maule,71.0,Talca,7101.0,Talca,Argentina,520
7,Maule,71.0,Talca,7101.0,Talca,Bolivia (Estado Plurinacional de),202
7,Maule,71.0,Talca,7101.0,Talca,Colombia,1321
7,Maule,71.0,Talca,7101.0,Talca,Haití,961
7,Maule,71.0,Talca,7101.0,Talca,Perú,474
7,Maule,71.0,Talca,7101.0,Talca,Venezuela (República Bolivariana de),10738
7,Maule,71.0,Talca,7101.0,Talca,Otros países de América del Sur,572
7,Maule,71.0,Talca,7101.0,Talca,Otros países de América Central y El Caribe,486
7,Maule,71.0,Talca,7101.0,Talca,América del Norte,98
7,Maule,71.0,Talca,7101.0,Talca,Europa,313
7,Maule,71.0,Talca,7101.0,Talca,Asia,123
7,Maule,71.0,Talca,7101.0,Talca,África,*
7,Maule,71.0,Talca,7101.0,Talca,Oceanía,*
7,Maule,71.0,Talca,7101.0,Talca,País de nacimiento no declarado,15
7,Maule,71.0,Talca,7102.0,Constitución,Total nacidos fuera del país,1315
7,Maule,71.0,Talca,7102.0,Constitución,Argentina,*
7,Maule,71.0,Talca,7102.0,Constitución,Bolivia (Estado Plurinacional de),*
7,Maule,71.0,Talca,7102.0,Constitución,Colombia,91
7,Maule,71.0,Talca,7102.0,Constitución,Haití,100
7,Maule,71.0,Talca,7102.0,Constitución,Perú,174
7,Maule,71.0,Talca,7102.0,Constitución,Venezuela (República Bolivariana de),761
7,Maule,71.0,Talca,7102.0,Constitución,Otros países de América del Sur,62
7,Maule,71.0,Talca,7102.0,Constitución,Otros países de América Central y El Caribe,*
7,Maule,71.0,Talca,7102.0,Constitución,América del Norte,*
7,Maule,71.0,Talca,7102.0,Constitución,Europa,*
7,Maule,71.0,Talca,7102.0,Constitución,Asia,*
7,Maule,71.0,Talca,7102.0,Constitución,África,0
7,Maule,71.0,Talca,7102.0,Constitución,Oceanía,*
7,Maule,71.0,Talca,7102.0,Constitución,País de nacimiento no declarado,5
7,Maule,71.0,Talca,7103.0,Curepto,Total nacidos fuera del país,58
7,Maule,71.0,Talca,7103.0,Curepto,Argentina,*
7,Maule,71.0,Talca,7103.0,Curepto,Bolivia (Estado Plurinacional de),*
7,Maule,71.0,Talca,7103.0,Curepto,Colombia,*
7,Maule,71.0,Talca,7103.0,Curepto,Haití,*
7,Maule,71.0,Talca,7103.0,Curepto,Perú,*
7,Maule,71.0,Talca,7103.0,Curepto,Venezuela (República Bolivariana de),*
7,Maule,71.0,Talca,7103.0,Curepto,Otros países de América del Sur,*
7,Maule,71.0,Talca,7103.0,Curepto,Otros países de América Central y El Caribe,*
7,Maule,71.0,Talca,7103.0,Curepto,América del Norte,0
7,Maule,71.0,Talca,7103.0,Curepto,Europa,*
7,Maule,71.0,Talca,7103.0,Curepto,Asia,*
7,Maule,71.0,Talca,7103.0,Curepto,África,*
7,Maule,71.0,Talca,7103.0,Curepto,Oceanía,0
7,Maule,71.0,Talca,7103.0,Curepto,País de nacimiento no declarado,0
7,Maule,71.0,Talca,7104.0,Empedrado,Total nacidos fuera del país,*
7,Maule,71.0,Talca,7104.0,Empedrado,Argentina,*
7,Maule,71.0,Talca,7104.0,Empedrado,Bolivia (Estado Plurinacional de),0
7,Maule,71.0,Talca,7104.0,Empedrado,Colombia,*
7,Maule,71.0,Talca,7104.0,Empedrado,Haití,*
7,Maule,71.0,Talca,7104.0,Empedrado,Perú,*
7,Maule,71.0,Talca,7104.0,Empedrado,Venezuela (República Bolivariana de),*
7,Maule,71.0,Talca,7104.0,Empedrado,Otros países de América del Sur,0
7,Maule,71.0,Talca,7104.0,Empedrado,Otros países de América Central y El Caribe,*
7,Maule,71.0,Talca,7104.0,Empedrado,América del Norte,0
7,Maule,71.0,Talca,7104.0,Empedrado,Europa,*
7,Maule,71.0,Talca,7104.0,Empedrado,Asia,*
7,Maule,71.0,Talca,7104.0,Empedrado,África,0
7,Maule,71.0,Talca,7104.0,Empedrado,Oceanía,0
7,Maule,71.0,Talca,7104.0,Empedrado,País de nacimiento no declarado,0
7,Maule,71.0,Talca,7105.0,Maule,Total nacidos fuera del país,2683
7,Maule,71.0,Talca,7105.0,Maule,Argentina,138
7,Maule,71.0,Talca,7105.0,Maule,Bolivia (Estado Plurinacional de),*
7,Maule,71.0,Talca,7105.0,Maule,Colombia,240
7,Maule,71.0,Talca,7105.0,Maule,Haití,185
7,Maule,71.0,Talca,7105.0,Maule,Perú,70
7,Maule,71.0,Talca,7105.0,Maule,Venezuela (República Bolivariana de),1761
7,Maule,71.0,Talca,7105.0,Maule,Otros países de América del Sur,109
7,Maule,71.0,Talca,7105.0,Maule,Otros países de América Central y El Caribe,81
7,Maule,71.0,Talca,7105.0,Maule,América del Norte,*
7,Maule,71.0,Talca,7105.0,Maule,Europa,*
7,Maule,71.0,Talca,7105.0,Maule,Asia,*
7,Maule,71.0,Talca,7105.0,Maule,África,*
7,Maule,71.0,Talca,7105.0,Maule,Oceanía,*
7,Maule,71.0,Talca,7105.0,Maule,País de nacimiento no declarado,2
7,Maule,71.0,Talca,7106.0,Pelarco,Total nacidos fuera del país,145
7,Maule,71.0,Talca,7106.0,Pelarco,Argentina,*
7,Maule,71.0,Talca,7106.0,Pelarco,Bolivia (Estado Plurinacional de),*
7,Maule,71.0,Talca,7106.0,Pelarco,Colombia,*
7,Maule,71.0,Talca,7106.0,Pelarco,Haití,*
7,Maule,71.0,Talca,7106.0,Pelarco,Perú,*
7,Maule,71.0,Talca,7106.0,Pelarco,Venezuela (República Bolivariana de),*
7,Maule,71.0,Talca,7106.0,Pelarco,Otros países de América del Sur,*
7,Maule,71.0,Talca,7106.0,Pelarco,Otros países de América Central y El Caribe,*
7,Maule,71.0,Talca,7106.0,Pelarco,América del Norte,0
7,Maule,71.0,Talca,7106.0,Pelarco,Europa,*
7,Maule,71.0,Talca,7106.0,Pelarco,Asia,*
7,Maule,71.0,Talca,7106.0,Pelarco,África,0
7,Maule,71.0,Talca,7106.0,Pelarco,Oceanía,0
7,Maule,71.0,Talca,7106.0,Pelarco,País de nacimiento no declarado,0
7,Maule,71.0,Talca,7107.0,Pencahue,Total nacidos fuera del país,210
7,Maule,71.0,Talca,7107.0,Pencahue,Argentina,*
7,Maule,71.0,Talca,7107.0,Pencahue,Bolivia (Estado Plurinacional de),79
7,Maule,71.0,Talca,7107.0,Pencahue,Colombia,*
7,Maule,71.0,Talca,7107.0,Pencahue,Haití,*
7,Maule,71.0,Talca,7107.0,Pencahue,Perú,*
7,Maule,71.0,Talca,7107.0,Pencahue,Venezuela (República Bolivariana de),*
7,Maule,71.0,Talca,7107.0,Pencahue,Otros países de América del Sur,*
7,Maule,71.0,Talca,7107.0,Pencahue,Otros países de América Central y El Caribe,*
7,Maule,71.0,Talca,7107.0,Pencahue,América del Norte,*
7,Maule,71.0,Talca,7107.0,Pencahue,Europa,*
7,Maule,71.0,Talca,7107.0,Pencahue,Asia,*
7,Maule,71.0,Talca,7107.0,Pencahue,África,*
7,Maule,71.0,Talca,7107.0,Pencahue,Oceanía,*
7,Maule,71.0,Talca,7107.0,Pencahue,País de nacimiento no declarado,0
7,Maule,71.0,Talca,7108.0,Río Claro,Total nacidos fuera del país,194
7,Maule,71.0,Talca,7108.0,Río Claro,Argentina,*
7,Maule,71.0,Talca,7108.0,Río Claro,Bolivia (Estado Plurinacional de),*
7,Maule,71.0,Talca,7108.0,Río Claro,Colombia,*
7,Maule,71.0,Talca,7108.0,Río Claro,Haití,*
7,Maule,71.0,Talca,7108.0,Río Claro,Perú,*
7,Maule,71.0,Talca,7108.0,Río Claro,Venezuela (República Bolivariana de),95
7,Maule,71.0,Talca,7108.0,Río Claro,Otros países de América del Sur,*
7,Maule,71.0,Talca,7108.0,Río Claro,Otros países de América Central y El Caribe,*
7,Maule,71.0,Talca,7108.0,Río Claro,América del Norte,*
7,Maule,71.0,Talca,7108.0,Río Claro,Europa,*
7,Maule,71.0,Talca,7108.0,Río Claro,Asia,*
7,Maule,71.0,Talca,7108.0,Río Claro,África,*
7,Maule,71.0,Talca,7108.0,Río Claro,Oceanía,*
7,Maule,71.0,Talca,7108.0,Río Claro,País de nacimiento no declarado,0
7,Maule,71.0,Talca,7109.0,San Clemente,Total nacidos fuera del país,912
7,Maule,71.0,Talca,7109.0,San Clemente,Argentina,107
7,Maule,71.0,Talca,7109.0,San Clemente,Bolivia (Estado Plurinacional de),157
7,Maule,71.0,Talca,7109.0,San Clemente,Colombia,67
7,Maule,71.0,Talca,7109.0,San Clemente,Haití,158
7,Maule,71.0,Talca,7109.0,San Clemente,Perú,*
7,Maule,71.0,Talca,7109.0,San Clemente,Venezuela (República Bolivariana de),278
7,Maule,71.0,Talca,7109.0,San Clemente,Otros países de América del Sur,*
7,Maule,71.0,Talca,7109.0,San Clemente,Otros países de América Central y El Caribe,*
7,Maule,71.0,Talca,7109.0,San Clemente,América del Norte,*
7,Maule,71.0,Talca,7109.0,San Clemente,Europa,*
7,Maule,71.0,Talca,7109.0,San Clemente,Asia,*
7,Maule,71.0,Talca,7109.0,San Clemente,África,*
7,Maule,71.0,Talca,7109.0,San Clemente,Oceanía,0
7,Maule,71.0,Talca,7109.0,San Clemente,País de nacimiento no declarado,1
7,Maule,71.0,Talca,7110.0,San Rafael,Total nacidos fuera del país,174
7,Maule,71.0,Talca,7110.0,San Rafael,Argentina,*
7,Maule,71.0,Talca,7110.0,San Rafael,Bolivia (Estado Plurinacional de),*
7,Maule,71.0,Talca,7110.0,San Rafael,Colombia,*
7,Maule,71.0,Talca,7110.0,San Rafael,Haití,*
7,Maule,71.0,Talca,7110.0,San Rafael,Perú,*
7,Maule,71.0,Talca,7110.0,San Rafael,Venezuela (República Bolivariana de),75
7,Maule,71.0,Talca,7110.0,San Rafael,Otros países de América del Sur,*
7,Maule,71.0,Talca,7110.0,San Rafael,Otros países de América Central y El Caribe,*
7,Maule,71.0,Talca,7110.0,San Rafael,América del Norte,*
7,Maule,71.0,Talca,7110.0,San Rafael,Europa,*
7,Maule,71.0,Talca,7110.0,San Rafael,Asia,*
7,Maule,71.0,Talca,7110.0,San Rafael,África,0
7,Maule,71.0,Talca,7110.0,San Rafael,Oceanía,0
7,Maule,71.0,Talca,7110.0,San Rafael,País de nacimiento no declarado,1
7,Maule,72.0,Cauquenes,7201.0,Cauquenes,Total nacidos fuera del país,592
7,Maule,72.0,Cauquenes,7201.0,Cauquenes,Argentina,*
7,Maule,72.0,Cauquenes,7201.0,Cauquenes,Bolivia (Estado Plurinacional de),*
7,Maule,72.0,Cauquenes,7201.0,Cauquenes,Colombia,71
7,Maule,72.0,Cauquenes,7201.0,Cauquenes,Haití,*
7,Maule,72.0,Cauquenes,7201.0,Cauquenes,Perú,66
7,Maule,72.0,Cauquenes,7201.0,Cauquenes,Venezuela (República Bolivariana de),259
7,Maule,72.0,Cauquenes,7201.0,Cauquenes,Otros países de América del Sur,*
7,Maule,72.0,Cauquenes,7201.0,Cauquenes,Otros países de América Central y El Caribe,*
7,Maule,72.0,Cauquenes,7201.0,Cauquenes,América del Norte,*
7,Maule,72.0,Cauquenes,7201.0,Cauquenes,Europa,*
7,Maule,72.0,Cauquenes,7201.0,Cauquenes,Asia,*
7,Maule,72.0,Cauquenes,7201.0,Cauquenes,África,0
7,Maule,72.0,Cauquenes,7201.0,Cauquenes,Oceanía,*
7,Maule,72.0,Cauquenes,7201.0,Cauquenes,País de nacimiento no declarado,0
7,Maule,72.0,Cauquenes,7202.0,Chanco,Total nacidos fuera del país,176
7,Maule,72.0,Cauquenes,7202.0,Chanco,Argentina,*
7,Maule,72.0,Cauquenes,7202.0,Chanco,Bolivia (Estado Plurinacional de),54
7,Maule,72.0,Cauquenes,7202.0,Chanco,Colombia,*
7,Maule,72.0,Cauquenes,7202.0,Chanco,Haití,51
7,Maule,72.0,Cauquenes,7202.0,Chanco,Perú,*
7,Maule,72.0,Cauquenes,7202.0,Chanco,Venezuela (República Bolivariana de),*
7,Maule,72.0,Cauquenes,7202.0,Chanco,Otros países de América del Sur,*
7,Maule,72.0,Cauquenes,7202.0,Chanco,Otros países de América Central y El Caribe,*
7,Maule,72.0,Cauquenes,7202.0,Chanco,América del Norte,0
7,Maule,72.0,Cauquenes,7202.0,Chanco,Europa,*
7,Maule,72.0,Cauquenes,7202.0,Chanco,Asia,0
7,Maule,72.0,Cauquenes,7202.0,Chanco,África,0
7,Maule,72.0,Cauquenes,7202.0,Chanco,Oceanía,0
7,Maule,72.0,Cauquenes,7202.0,Chanco,País de nacimiento no declarado,1
7,Maule,72.0,Cauquenes,7203.0,Pelluhue,Total nacidos fuera del país,217
7,Maule,72.0,Cauquenes,7203.0,Pelluhue,Argentina,*
7,Maule,72.0,Cauquenes,7203.0,Pelluhue,Bolivia (Estado Plurinacional de),0
7,Maule,72.0,Cauquenes,7203.0,Pelluhue,Colombia,*
7,Maule,72.0,Cauquenes,7203.0,Pelluhue,Haití,*
7,Maule,72.0,Cauquenes,7203.0,Pelluhue,Perú,*
7,Maule,72.0,Cauquenes,7203.0,Pelluhue,Venezuela (República Bolivariana de),114
7,Maule,72.0,Cauquenes,7203.0,Pelluhue,Otros países de América del Sur,*
7,Maule,72.0,Cauquenes,7203.0,Pelluhue,Otros países de América Central y El Caribe,*
7,Maule,72.0,Cauquenes,7203.0,Pelluhue,América del Norte,*
7,Maule,72.0,Cauquenes,7203.0,Pelluhue,Europa,*
7,Maule,72.0,Cauquenes,7203.0,Pelluhue,Asia,*
7,Maule,72.0,Cauquenes,7203.0,Pelluhue,África,0
7,Maule,72.0,Cauquenes,7203.0,Pelluhue,Oceanía,*
7,Maule,72.0,Cauquenes,7203.0,Pelluhue,País de nacimiento no declarado,1
7,Maule,73.0,Curicó,7301.0,Curicó,Total nacidos fuera del país,10601
7,Maule,73.0,Curicó,7301.0,Curicó,Argentina,427
7,Maule,73.0,Curicó,7301.0,Curicó,Bolivia (Estado Plurinacional de),190
7,Maule,73.0,Curicó,7301.0,Curicó,Colombia,794
7,Maule,73.0,Curicó,7301.0,Curicó,Haití,1555
7,Maule,73.0,Curicó,7301.0,Curicó,Perú,276
7,Maule,73.0,Curicó,7301.0,Curicó,Venezuela (República Bolivariana de),6394
7,Maule,73.0,Curicó,7301.0,Curicó,Otros países de América del Sur,472
7,Maule,73.0,Curicó,7301.0,Curicó,Otros países de América Central y El Caribe,163
7,Maule,73.0,Curicó,7301.0,Curicó,América del Norte,52
7,Maule,73.0,Curicó,7301.0,Curicó,Europa,187
7,Maule,73.0,Curicó,7301.0,Curicó,Asia,76
7,Maule,73.0,Curicó,7301.0,Curicó,África,*
7,Maule,73.0,Curicó,7301.0,Curicó,Oceanía,*
7,Maule,73.0,Curicó,7301.0,Curicó,País de nacimiento no declarado,7
7,Maule,73.0,Curicó,7302.0,Hualañé,Total nacidos fuera del país,234
7,Maule,73.0,Curicó,7302.0,Hualañé,Argentina,*
7,Maule,73.0,Curicó,7302.0,Hualañé,Bolivia (Estado Plurinacional de),*
7,Maule,73.0,Curicó,7302.0,Hualañé,Colombia,*
7,Maule,73.0,Curicó,7302.0,Hualañé,Haití,*
7,Maule,73.0,Curicó,7302.0,Hualañé,Perú,*
7,Maule,73.0,Curicó,7302.0,Hualañé,Venezuela (República Bolivariana de),116
7,Maule,73.0,Curicó,7302.0,Hualañé,Otros países de América del Sur,*
7,Maule,73.0,Curicó,7302.0,Hualañé,Otros países de América Central y El Caribe,*
7,Maule,73.0,Curicó,7302.0,Hualañé,América del Norte,*
7,Maule,73.0,Curicó,7302.0,Hualañé,Europa,*
7,Maule,73.0,Curicó,7302.0,Hualañé,Asia,0
7,Maule,73.0,Curicó,7302.0,Hualañé,África,0
7,Maule,73.0,Curicó,7302.0,Hualañé,Oceanía,0
7,Maule,73.0,Curicó,7302.0,Hualañé,País de nacimiento no declarado,0
7,Maule,73.0,Curicó,7303.0,Licantén,Total nacidos fuera del país,152
7,Maule,73.0,Curicó,7303.0,Licantén,Argentina,*
7,Maule,73.0,Curicó,7303.0,Licantén,Bolivia (Estado Plurinacional de),*
7,Maule,73.0,Curicó,7303.0,Licantén,Colombia,*
7,Maule,73.0,Curicó,7303.0,Licantén,Haití,*
7,Maule,73.0,Curicó,7303.0,Licantén,Perú,*
7,Maule,73.0,Curicó,7303.0,Licantén,Venezuela (República Bolivariana de),87
7,Maule,73.0,Curicó,7303.0,Licantén,Otros países de América del Sur,*
7,Maule,73.0,Curicó,7303.0,Licantén,Otros países de América Central y El Caribe,*
7,Maule,73.0,Curicó,7303.0,Licantén,América del Norte,0
7,Maule,73.0,Curicó,7303.0,Licantén,Europa,*
7,Maule,73.0,Curicó,7303.0,Licantén,Asia,*
7,Maule,73.0,Curicó,7303.0,Licantén,África,0
7,Maule,73.0,Curicó,7303.0,Licantén,Oceanía,0
7,Maule,73.0,Curicó,7303.0,Licantén,País de nacimiento no declarado,0
7,Maule,73.0,Curicó,7304.0,Molina,Total nacidos fuera del país,1632
7,Maule,73.0,Curicó,7304.0,Molina,Argentina,69
7,Maule,73.0,Curicó,7304.0,Molina,Bolivia (Estado Plurinacional de),474
7,Maule,73.0,Curicó,7304.0,Molina,Colombia,123
7,Maule,73.0,Curicó,7304.0,Molina,Haití,198
7,Maule,73.0,Curicó,7304.0,Molina,Perú,*
7,Maule,73.0,Curicó,7304.0,Molina,Venezuela (República Bolivariana de),551
7,Maule,73.0,Curicó,7304.0,Molina,Otros países de América del Sur,60
7,Maule,73.0,Curicó,7304.0,Molina,Otros países de América Central y El Caribe,69
7,Maule,73.0,Curicó,7304.0,Molina,América del Norte,*
7,Maule,73.0,Curicó,7304.0,Molina,Europa,*
7,Maule,73.0,Curicó,7304.0,Molina,Asia,*
7,Maule,73.0,Curicó,7304.0,Molina,África,*
7,Maule,73.0,Curicó,7304.0,Molina,Oceanía,0
7,Maule,73.0,Curicó,7304.0,Molina,País de nacimiento no declarado,0
7,Maule,73.0,Curicó,7305.0,Rauco,Total nacidos fuera del país,205
7,Maule,73.0,Curicó,7305.0,Rauco,Argentina,*
7,Maule,73.0,Curicó,7305.0,Rauco,Bolivia (Estado Plurinacional de),*
7,Maule,73.0,Curicó,7305.0,Rauco,Colombia,*
7,Maule,73.0,Curicó,7305.0,Rauco,Haití,56
7,Maule,73.0,Curicó,7305.0,Rauco,Perú,*
7,Maule,73.0,Curicó,7305.0,Rauco,Venezuela (República Bolivariana de),62
7,Maule,73.0,Curicó,7305.0,Rauco,Otros países de América del Sur,*
7,Maule,73.0,Curicó,7305.0,Rauco,Otros países de América Central y El Caribe,0
7,Maule,73.0,Curicó,7305.0,Rauco,América del Norte,0
7,Maule,73.0,Curicó,7305.0,Rauco,Europa,*
7,Maule,73.0,Curicó,7305.0,Rauco,Asia,*
7,Maule,73.0,Curicó,7305.0,Rauco,África,0
7,Maule,73.0,Curicó,7305.0,Rauco,Oceanía,0
7,Maule,73.0,Curicó,7305.0,Rauco,País de nacimiento no declarado,2
7,Maule,73.0,Curicó,7306.0,Romeral,Total nacidos fuera del país,535
7,Maule,73.0,Curicó,7306.0,Romeral,Argentina,*
7,Maule,73.0,Curicó,7306.0,Romeral,Bolivia (Estado Plurinacional de),83
7,Maule,73.0,Curicó,7306.0,Romeral,Colombia,*
7,Maule,73.0,Curicó,7306.0,Romeral,Haití,66
7,Maule,73.0,Curicó,7306.0,Romeral,Perú,*
7,Maule,73.0,Curicó,7306.0,Romeral,Venezuela (República Bolivariana de),215
7,Maule,73.0,Curicó,7306.0,Romeral,Otros países de América del Sur,*
7,Maule,73.0,Curicó,7306.0,Romeral,Otros países de América Central y El Caribe,*
7,Maule,73.0,Curicó,7306.0,Romeral,América del Norte,*
7,Maule,73.0,Curicó,7306.0,Romeral,Europa,*
7,Maule,73.0,Curicó,7306.0,Romeral,Asia,*
7,Maule,73.0,Curicó,7306.0,Romeral,África,0
7,Maule,73.0,Curicó,7306.0,Romeral,Oceanía,0
7,Maule,73.0,Curicó,7306.0,Romeral,País de nacimiento no declarado,0
7,Maule,73.0,Curicó,7307.0,Sagrada Familia,Total nacidos fuera del país,336
7,Maule,73.0,Curicó,7307.0,Sagrada Familia,Argentina,*
7,Maule,73.0,Curicó,7307.0,Sagrada Familia,Bolivia (Estado Plurinacional de),*
7,Maule,73.0,Curicó,7307.0,Sagrada Familia,Colombia,*
7,Maule,73.0,Curicó,7307.0,Sagrada Familia,Haití,91
7,Maule,73.0,Curicó,7307.0,Sagrada Familia,Perú,*
7,Maule,73.0,Curicó,7307.0,Sagrada Familia,Venezuela (República Bolivariana de),87
7,Maule,73.0,Curicó,7307.0,Sagrada Familia,Otros países de América del Sur,*
7,Maule,73.0,Curicó,7307.0,Sagrada Familia,Otros países de América Central y El Caribe,*
7,Maule,73.0,Curicó,7307.0,Sagrada Familia,América del Norte,0
7,Maule,73.0,Curicó,7307.0,Sagrada Familia,Europa,*
7,Maule,73.0,Curicó,7307.0,Sagrada Familia,Asia,*
7,Maule,73.0,Curicó,7307.0,Sagrada Familia,África,0
7,Maule,73.0,Curicó,7307.0,Sagrada Familia,Oceanía,0
7,Maule,73.0,Curicó,7307.0,Sagrada Familia,País de nacimiento no declarado,0
7,Maule,73.0,Curicó,7308.0,Teno,Total nacidos fuera del país,617
7,Maule,73.0,Curicó,7308.0,Teno,Argentina,*
7,Maule,73.0,Curicó,7308.0,Teno,Bolivia (Estado Plurinacional de),82
7,Maule,73.0,Curicó,7308.0,Teno,Colombia,65
7,Maule,73.0,Curicó,7308.0,Teno,Haití,98
7,Maule,73.0,Curicó,7308.0,Teno,Perú,*
7,Maule,73.0,Curicó,7308.0,Teno,Venezuela (República Bolivariana de),254
7,Maule,73.0,Curicó,7308.0,Teno,Otros países de América del Sur,*
7,Maule,73.0,Curicó,7308.0,Teno,Otros países de América Central y El Caribe,*
7,Maule,73.0,Curicó,7308.0,Teno,América del Norte,*
7,Maule,73.0,Curicó,7308.0,Teno,Europa,*
7,Maule,73.0,Curicó,7308.0,Teno,Asia,*
7,Maule,73.0,Curicó,7308.0,Teno,África,0
7,Maule,73.0,Curicó,7308.0,Teno,Oceanía,0
7,Maule,73.0,Curicó,7308.0,Teno,País de nacimiento no declarado,0
7,Maule,73.0,Curicó,7309.0,Vichuquén,Total nacidos fuera del país,141
7,Maule,73.0,Curicó,7309.0,Vichuquén,Argentina,*
7,Maule,73.0,Curicó,7309.0,Vichuquén,Bolivia (Estado Plurinacional de),*
7,Maule,73.0,Curicó,7309.0,Vichuquén,Colombia,*
7,Maule,73.0,Curicó,7309.0,Vichuquén,Haití,*
7,Maule,73.0,Curicó,7309.0,Vichuquén,Perú,*
7,Maule,73.0,Curicó,7309.0,Vichuquén,Venezuela (República Bolivariana de),76
7,Maule,73.0,Curicó,7309.0,Vichuquén,Otros países de América del Sur,*
7,Maule,73.0,Curicó,7309.0,Vichuquén,Otros países de América Central y El Caribe,*
7,Maule,73.0,Curicó,7309.0,Vichuquén,América del Norte,*
7,Maule,73.0,Curicó,7309.0,Vichuquén,Europa,*
7,Maule,73.0,Curicó,7309.0,Vichuquén,Asia,0
7,Maule,73.0,Curicó,7309.0,Vichuquén,África,*
7,Maule,73.0,Curicó,7309.0,Vichuquén,Oceanía,0
7,Maule,73.0,Curicó,7309.0,Vichuquén,País de nacimiento no declarado,0
7,Maule,74.0,Linares,7401.0,Linares,Total nacidos fuera del país,2354
7,Maule,74.0,Linares,7401.0,Linares,Argentina,150
7,Maule,74.0,Linares,7401.0,Linares,Bolivia (Estado Plurinacional de),147
7,Maule,74.0,Linares,7401.0,Linares,Colombia,291
7,Maule,74.0,Linares,7401.0,Linares,Haití,210
7,Maule,74.0,Linares,7401.0,Linares,Perú,130
7,Maule,74.0,Linares,7401.0,Linares,Venezuela (República Bolivariana de),1038
7,Maule,74.0,Linares,7401.0,Linares,Otros países de América del Sur,181
7,Maule,74.0,Linares,7401.0,Linares,Otros países de América Central y El Caribe,67
7,Maule,74.0,Linares,7401.0,Linares,América del Norte,*
7,Maule,74.0,Linares,7401.0,Linares,Europa,63
7,Maule,74.0,Linares,7401.0,Linares,Asia,*
7,Maule,74.0,Linares,7401.0,Linares,África,*
7,Maule,74.0,Linares,7401.0,Linares,Oceanía,*
7,Maule,74.0,Linares,7401.0,Linares,País de nacimiento no declarado,6
7,Maule,74.0,Linares,7402.0,Colbún,Total nacidos fuera del país,253
7,Maule,74.0,Linares,7402.0,Colbún,Argentina,*
7,Maule,74.0,Linares,7402.0,Colbún,Bolivia (Estado Plurinacional de),*
7,Maule,74.0,Linares,7402.0,Colbún,Colombia,*
7,Maule,74.0,Linares,7402.0,Colbún,Haití,*
7,Maule,74.0,Linares,7402.0,Colbún,Perú,*
7,Maule,74.0,Linares,7402.0,Colbún,Venezuela (República Bolivariana de),68
7,Maule,74.0,Linares,7402.0,Colbún,Otros países de América del Sur,*
7,Maule,74.0,Linares,7402.0,Colbún,Otros países de América Central y El Caribe,*
7,Maule,74.0,Linares,7402.0,Colbún,América del Norte,*
7,Maule,74.0,Linares,7402.0,Colbún,Europa,*
7,Maule,74.0,Linares,7402.0,Colbún,Asia,*
7,Maule,74.0,Linares,7402.0,Colbún,África,*
7,Maule,74.0,Linares,7402.0,Colbún,Oceanía,*
7,Maule,74.0,Linares,7402.0,Colbún,País de nacimiento no declarado,1
7,Maule,74.0,Linares,7403.0,Longaví,Total nacidos fuera del país,447
7,Maule,74.0,Linares,7403.0,Longaví,Argentina,*
7,Maule,74.0,Linares,7403.0,Longaví,Bolivia (Estado Plurinacional de),94
7,Maule,74.0,Linares,7403.0,Longaví,Colombia,*
7,Maule,74.0,Linares,7403.0,Longaví,Haití,170
7,Maule,74.0,Linares,7403.0,Longaví,Perú,*
7,Maule,74.0,Linares,7403.0,Longaví,Venezuela (República Bolivariana de),56
7,Maule,74.0,Linares,7403.0,Longaví,Otros países de América del Sur,*
7,Maule,74.0,Linares,7403.0,Longaví,Otros países de América Central y El Caribe,*
7,Maule,74.0,Linares,7403.0,Longaví,América del Norte,0
7,Maule,74.0,Linares,7403.0,Longaví,Europa,*
7,Maule,74.0,Linares,7403.0,Longaví,Asia,*
7,Maule,74.0,Linares,7403.0,Longaví,África,*
7,Maule,74.0,Linares,7403.0,Longaví,Oceanía,*
7,Maule,74.0,Linares,7403.0,Longaví,País de nacimiento no declarado,0
7,Maule,74.0,Linares,7404.0,Parral,Total nacidos fuera del país,840
7,Maule,74.0,Linares,7404.0,Parral,Argentina,*
7,Maule,74.0,Linares,7404.0,Parral,Bolivia (Estado Plurinacional de),55
7,Maule,74.0,Linares,7404.0,Parral,Colombia,133
7,Maule,74.0,Linares,7404.0,Parral,Haití,74
7,Maule,74.0,Linares,7404.0,Parral,Perú,108
7,Maule,74.0,Linares,7404.0,Parral,Venezuela (República Bolivariana de),230
7,Maule,74.0,Linares,7404.0,Parral,Otros países de América del Sur,77
7,Maule,74.0,Linares,7404.0,Parral,Otros países de América Central y El Caribe,*
7,Maule,74.0,Linares,7404.0,Parral,América del Norte,*
7,Maule,74.0,Linares,7404.0,Parral,Europa,64
7,Maule,74.0,Linares,7404.0,Parral,Asia,*
7,Maule,74.0,Linares,7404.0,Parral,África,*
7,Maule,74.0,Linares,7404.0,Parral,Oceanía,0
7,Maule,74.0,Linares,7404.0,Parral,País de nacimiento no declarado,1
7,Maule,74.0,Linares,7405.0,Retiro,Total nacidos fuera del país,182
7,Maule,74.0,Linares,7405.0,Retiro,Argentina,*
7,Maule,74.0,Linares,7405.0,Retiro,Bolivia (Estado Plurinacional de),*
7,Maule,74.0,Linares,7405.0,Retiro,Colombia,*
7,Maule,74.0,Linares,7405.0,Retiro,Haití,*
7,Maule,74.0,Linares,7405.0,Retiro,Perú,*
7,Maule,74.0,Linares,7405.0,Retiro,Venezuela (República Bolivariana de),57
7,Maule,74.0,Linares,7405.0,Retiro,Otros países de América del Sur,*
7,Maule,74.0,Linares,7405.0,Retiro,Otros países de América Central y El Caribe,*
7,Maule,74.0,Linares,7405.0,Retiro,América del Norte,*
7,Maule,74.0,Linares,7405.0,Retiro,Europa,*
7,Maule,74.0,Linares,7405.0,Retiro,Asia,*
7,Maule,74.0,Linares,7405.0,Retiro,África,0
7,Maule,74.0,Linares,7405.0,Retiro,Oceanía,*
7,Maule,74.0,Linares,7405.0,Retiro,País de nacimiento no declarado,5
7,Maule,74.0,Linares,7406.0,San Javier,Total nacidos fuera del país,918
7,Maule,74.0,Linares,7406.0,San Javier,Argentina,60
7,Maule,74.0,Linares,7406.0,San Javier,Bolivia (Estado Plurinacional de),59
7,Maule,74.0,Linares,7406.0,San Javier,Colombia,97
7,Maule,74.0,Linares,7406.0,San Javier,Haití,184
7,Maule,74.0,Linares,7406.0,San Javier,Perú,55
7,Maule,74.0,Linares,7406.0,San Javier,Venezuela (República Bolivariana de),322
7,Maule,74.0,Linares,7406.0,San Javier,Otros países de América del Sur,83
7,Maule,74.0,Linares,7406.0,San Javier,Otros países de América Central y El Caribe,*
7,Maule,74.0,Linares,7406.0,San Javier,América del Norte,*
7,Maule,74.0,Linares,7406.0,San Javier,Europa,*
7,Maule,74.0,Linares,7406.0,San Javier,Asia,*
7,Maule,74.0,Linares,7406.0,San Javier,África,*
7,Maule,74.0,Linares,7406.0,San Javier,Oceanía,0
7,Maule,74.0,Linares,7406.0,San Javier,País de nacimiento no declarado,3
7,Maule,74.0,Linares,7407.0,Villa Alegre,Total nacidos fuera del país,194
7,Maule,74.0,Linares,7407.0,Villa Alegre,Argentina,*
7,Maule,74.0,Linares,7407.0,Villa Alegre,Bolivia (Estado Plurinacional de),*
7,Maule,74.0,Linares,7407.0,Villa Alegre,Colombia,*
7,Maule,74.0,Linares,7407.0,Villa Alegre,Haití,*
7,Maule,74.0,Linares,7407.0,Villa Alegre,Perú,*
7,Maule,74.0,Linares,7407.0,Villa Alegre,Venezuela (República Bolivariana de),56
7,Maule,74.0,Linares,7407.0,Villa Alegre,Otros países de América del Sur,*
7,Maule,74.0,Linares,7407.0,Villa Alegre,Otros países de América Central y El Caribe,*
7,Maule,74.0,Linares,7407.0,Villa Alegre,América del Norte,*
7,Maule,74.0,Linares,7407.0,Villa Alegre,Europa,*
7,Maule,74.0,Linares,7407.0,Villa Alegre,Asia,*
7,Maule,74.0,Linares,7407.0,Villa Alegre,África,0
7,Maule,74.0,Linares,7407.0,Villa Alegre,Oceanía,0
7,Maule,74.0,Linares,7407.0,Villa Alegre,País de nacimiento no declarado,2
7,Maule,74.0,Linares,7408.0,Yerbas Buenas,Total nacidos fuera del país,149
7,Maule,74.0,Linares,7408.0,Yerbas Buenas,Argentina,*
7,Maule,74.0,Linares,7408.0,Yerbas Buenas,Bolivia (Estado Plurinacional de),*
7,Maule,74.0,Linares,7408.0,Yerbas Buenas,Colombia,*
7,Maule,74.0,Linares,7408.0,Yerbas Buenas,Haití,*
7,Maule,74.0,Linares,7408.0,Yerbas Buenas,Perú,*
7,Maule,74.0,Linares,7408.0,Yerbas Buenas,Venezuela (República Bolivariana de),*
7,Maule,74.0,Linares,7408.0,Yerbas Buenas,Otros países de América del Sur,*
7,Maule,74.0,Linares,7408.0,Yerbas Buenas,Otros países de América Central y El Caribe,*
7,Maule,74.0,Linares,7408.0,Yerbas Buenas,América del Norte,*
7,Maule,74.0,Linares,7408.0,Yerbas Buenas,Europa,*
7,Maule,74.0,Linares,7408.0,Yerbas Buenas,Asia,*
7,Maule,74.0,Linares,7408.0,Yerbas Buenas,África,0
7,Maule,74.0,Linares,7408.0,Yerbas Buenas,Oceanía,0
7,Maule,74.0,Linares,7408.0,Yerbas Buenas,País de nacimiento no declarado,0
